<extensions>
	<details>
		<title lang="EN">SqueezeCloud Plugin</title>
	</details>
	<plugins>
		<plugin name="SqueezeCloud" version="0.8.2.17" minTarget="7.5" maxTarget="*">
			<title lang="EN">SqueezeCloud</title>
			<desc lang="EN">Browse, search and play urls from soundcloud</desc>
			<url>http://grobbie.github.io/SqueezeCloud/SqueezeCloud.zip</url>
			<link>https://github.com/grobbie/SqueezeCloud</link>
			<sha>481e4ebaf8fe2620a50dab3c165fe50660263d44</sha>
			<creator>Robert Gibbon, David Blackman</creator>
			<email>robSPAMMENOTgibbon@me.com</email>
		</plugin>
	</plugins>
</extensions>
